{"cameraMode":{"drawMode":0,"name":"Shaded","section":"Shading Mode"},"sceneLighting":false,"audioPlay":false,"sceneViewState":{"showFog":true,"showMaterialUpdate":false,"showSkybox":true,"showFlares":true,"showImageEffects":true,"showParticleSystems":true},"in2DMode":false,"pivot":{"x":101.36266326904297,"y":65.01385498046875,"z":125.17234802246094},"rotation":{"x":-0.007404206786304712,"y":0.9644997715950012,"z":0.027196712791919709,"w":0.2625780701637268},"size":550.5880126953125,"orthographic":false}